<?xml version="1.0" encoding="UTF-8"?><!--
  ~ Copyright 2015 Vincent Brison.
  ~
  ~ Licensed under the Apache License, Version 2.0 (the "License");
  ~ you may not use this file except in compliance with the License.
  ~ You may obtain a copy of the License at
  ~
  ~    http://www.apache.org/licenses/LICENSE-2.0
  ~
  ~ Unless required by applicable law or agreed to in writing, software
  ~ distributed under the License is distributed on an "AS IS" BASIS,
  ~ WITHOUT WARRANTIES OR CONDITIONS OF ANY KIND, either express or implied.
  ~ See the License for the specific language governing permissions and
  ~ limitations under the License.
  -->

<FindBugsFilter>
    <!-- http://stackoverflow.com/questions/7568579/eclipsefindbugs-exclude-filter-files-doesnt-work -->
    <Match>
        <Class name="~.*\.R\$.*" />
    </Match>
    <Match>
        <Class name="~.*\.Manifest\$.*" />
    </Match>
    <!-- All bugs in test classes, except for JUnit-specific bugs -->
    <Match>
        <Class name="~.*\.*Test" />
        <Not>
            <Bug code="IJU" />
        </Not>
    </Match>


</FindBugsFilter>